{
	"class_name" : "PinholeCameraParameters",
	"extrinsic" : 
	[
		0.96768671783269833,
		0.017952342446806144,
		-0.25151566458344571,
		0.0,
		-0.0061586236894292405,
		-0.9954821447974932,
		-0.094748988087657443,
		0.0,
		-0.25208031951033344,
		0.093236327630680807,
		-0.96320428763866739,
		0.0,
		0.014711871229021733,
		0.11114908620294098,
		0.24440697130613281,
		1.0
	],
	"intrinsic" : 
	{
		"height" : 1061,
		"intrinsic_matrix" : 
		[
			918.85295341528945,
			0.0,
			0.0,
			0.0,
			918.85295341528945,
			0.0,
			959.5,
			530.0,
			1.0
		],
		"width" : 1920
	},
	"version_major" : 1,
	"version_minor" : 0
}